その他,その他,526,-1
その他,母子手帳用品,525,-1
ベビー服(男女兼用)  ~95cm,アウター,1310,9
ベビー服(男女兼用)  ~95cm,トップス,1309,9
ベビー服(男女兼用)  ~95cm,ロンパース,1315,9
ベビー服(男女兼用)  ~95cm,おくるみ,1312,9
ベビー服(男女兼用)  ~95cm,パンツ,1311,9
ベビー服(男女兼用)  ~95cm,下着/肌着,1313,9
ベビー服(男女兼用)  ~95cm,パジャマ,1314,9
キッズ服(男女兼用) 100cm~,ジャケット/上着,472,7
キッズ服(男女兼用) 100cm~,トップス(トレーナー),474,7
キッズ服(男女兼用) 100cm~,トップス(その他),964,7
キッズ服(男女兼用) 100cm~,トップス(Tシャツ/カットソー),473,7
キッズ服(男女兼用) 100cm~,ボトムス,475,7
キッズ服(男女兼用) 100cm~,その他,477,7
キッズ服(男女兼用) 100cm~,コート,471,7
ベビー服(女の子用)  ~95cm,ワンピース,435,9
ベビー服(女の子用)  ~95cm,トップス,431,9
ベビー服(女の子用)  ~95cm,ベビードレス,436,9
ベビー服(女の子用)  ~95cm,ロンパース,994,9
ベビー服(女の子用)  ~95cm,パジャマ,439,9
ベビー服(女の子用)  ~95cm,パンツ,433,9
ベビー服(女の子用)  ~95cm,スカート,434,9
ベビー服(女の子用)  ~95cm,その他,440,9
ベビー服(女の子用)  ~95cm,アウター,432,9
キッズ靴,その他,482,8
キッズ靴,スニーカー,478,8
キッズ靴,ブーツ,480,8
キッズ靴,サンダル,479,8
キッズ靴,長靴,481,8
キッズ服(女の子用) 100cm~,ジャケット/上着,442,7
キッズ服(女の子用) 100cm~,パンツ,446,7
キッズ服(女の子用) 100cm~,トップス(Tシャツ/カットソー),443,7
キッズ服(女の子用) 100cm~,トップス(その他),962,7
キッズ服(女の子用) 100cm~,ワンピース,447,7
キッズ服(女の子用) 100cm~,スカート,445,7
キッズ服(女の子用) 100cm~,トップス(トレーナー),444,7
キッズ服(女の子用) 100cm~,パジャマ,449,7
キッズ服(女の子用) 100cm~,フォーマル/ドレス,450,7
外出/移動用品,その他,504,-1
外出/移動用品,抱っこひも/スリング,502,-1
外出/移動用品,チャイルドシート,503,-1
外出/移動用品,ベビーカー,501,-1
子ども用ファッション小物,靴下/スパッツ,490,-1
子ども用ファッション小物,エプロン,483,-1
子ども用ファッション小物,ハンカチ,486,-1
子ども用ファッション小物,マフラー,489,-1
子ども用ファッション小物,バッグ,1091,-1
子ども用ファッション小物,スタイ,967,-1
子ども用ファッション小物,手袋,492,-1
子ども用ファッション小物,タイツ,485,-1
子ども用ファッション小物,帽子,493,-1
ベビー服(男の子用)  ~95cm,アウター,1300,9
ベビー服(男の子用)  ~95cm,トップス,1299,9
ベビー服(男の子用)  ~95cm,ロンパース,1305,9
ベビー服(男の子用)  ~95cm,パンツ,1301,9
ベビー服(男の子用)  ~95cm,下着/肌着,1303,9
ベビー服(男の子用)  ~95cm,パジャマ,1304,9
